Section,,PACK DE PERSONNALISATION,CONFORT ET FONCTIONNALITÉ,CONFORT ET FONCTIONNALITÉ,SÉCURITÉ,SÉCURITÉ,EQUIPEMENTS,EQUIPEMENTS,EQUIPEMENTS,LIGNES ET STYLE,KITS DÉCORS,RÉTROVISEURS,PACKS,SYSTÈMES AUDIO ET TÉLÉMATIQUE,FINITION,PRICE,VALIDITY,CONFORT ET FONCTIONNALITÉ,SÉCURITÉ,LIGNES ET STYLE,RÉTROVISEURS,SYSTÈMES AUDIO ET TÉLÉMATIQUE,SYSTÈMES AUDIO ET TÉLÉMATIQUE,CONFORT ET FONCTIONNALITÉ,CONFORT ET FONCTIONNALITÉ,CONFORT ET FONCTIONNALITÉ,CONFORT ET FONCTIONNALITÉ,SÉCURITÉ,SÉCURITÉ,SÉCURITÉ,SÉCURITÉ,SÉCURITÉ,EQUIPEMENTS,LIGNES ET STYLE,LIGNES ET STYLE,LIGNES ET STYLE,RÉTROVISEURS,SYSTÈMES AUDIO ET TÉLÉMATIQUE,SYSTÈMES AUDIO ET TÉLÉMATIQUE,CONFORT ET FONCTIONNALITÉ,SÉCURITÉ,PACKS,SYSTÈMES AUDIO ET TÉLÉMATIQUE,SYSTÈMES AUDIO ET TÉLÉMATIQUE
Title,,Pack Color Anodised Blue,Volant croute de cuir,Sièges AV réglables hauteur + Lombaire conducteur,Essuie-vitre avant automatique,Aide au stationnement arrière,"Chargeur embarqué 7,4 kW monophasé",My Citroën Play : Système audio numérique sur tablette tactile 10?? avec fonction Mirror Screen.,Système audio numérique (DAB) MP3 6 HP,Poignées de portes extérieures Noir Brillant,Décor Bleu sur les panneaux intérieurs de porte,Rétroviseurs extérieurs électriques et dégivrants,Pack Safety,Combiné numérique couleur,,,,Tiroir de planche de bord,Caméra de recul avec Top Rear Vision,Poignées de portes extérieures couleur caisse,"Rétros éléc. et dégi, rabattables électriquement",Combiné numérique couleur avec rétro-éclairage,My Citroën Drive : navigation sur tablette tactile 10',Accoudoir central arrière avec trappe à ski,Volant chauffant,Volant cuir pleine fleur,Accès et démarrage mains libres Proximity,Système de surveillance d'angle mort,Commutation automatique des feux de route,Rég. de vitesse adaptatif avec fonction Stop & Go,Suspensions Citroën Advanced Comfort,Affichage tête haute couleur,Essuie-vitre avant automatique,Jonc chromé sur les lécheurs de vitres latérales,Vitres et lunette arrière surteintées,Feux diurnes à LED,Rétroviseur intérieur électrochrome,Kit mains libres Bluetooth et prise USB RANG 1 (type A),Smart Pad Support Citroën,Sièges avant chauffants,Caméra de recul Top Rear Vision,Highway Driver Assist,Recharge sans fil pour smartphone,HiFi System
PAGE #,CAR #,,,,,,,,,,,,,,,,,,,,,,,,,,,,,,,,,,,,,,,,,,,
1,1,True,True,True,True,True,True,True,True,True,True,True,True,True,FEEL,36500,2022-05-11 00:00:00+00:00,False,False,False,False,False,False,False,False,False,False,False,False,False,False,False,False,False,False,False,False,False,False,False,False,False,False,False
1,2,False,True,True,True,True,True,True,True,True,True,True,True,True,FEEL,36500,2022-05-30 00:00:00+00:00,False,False,False,False,False,False,False,False,False,False,False,False,False,False,False,False,False,False,False,False,False,False,False,False,False,False,False
1,3,True,True,True,True,False,True,True,True,True,False,True,True,True,FEEL,36550,2022-05-27 00:00:00+00:00,False,False,False,False,False,False,False,False,False,False,False,False,False,False,False,False,False,False,False,False,False,False,False,False,False,False,False
1,4,True,True,True,True,True,True,True,True,True,True,True,True,True,FEEL,36800,2022-05-11 00:00:00+00:00,False,False,False,False,False,False,False,False,False,False,False,False,False,False,False,False,False,False,False,False,False,False,False,False,False,False,False
1,5,True,True,True,True,True,True,True,True,True,True,True,True,True,FEEL,36800,2022-05-11 00:00:00+00:00,False,False,False,False,False,False,False,False,False,False,False,False,False,False,False,False,False,False,False,False,False,False,False,False,False,False,False
1,6,True,True,True,True,True,True,True,True,True,True,True,True,True,FEEL,36950,2022-05-11 00:00:00+00:00,False,False,False,False,False,False,False,False,False,False,False,False,False,False,False,False,False,False,False,False,False,False,False,False,False,False,False
1,7,True,True,True,True,True,False,True,True,True,True,True,True,True,FEEL,37000,2022-05-20 00:00:00+00:00,False,False,False,False,False,False,False,False,False,False,False,False,False,False,False,False,False,False,False,False,False,False,False,False,False,False,False
1,8,True,True,False,True,True,True,True,True,True,True,True,True,True,FEEL,37050,2022-05-30 00:00:00+00:00,False,False,False,False,False,False,False,False,False,False,False,False,False,False,False,False,False,False,False,False,False,False,False,False,False,False,False
1,9,True,True,True,True,True,True,True,True,True,True,True,True,True,FEEL,37250,2022-05-11 00:00:00+00:00,False,False,False,False,False,False,False,False,False,False,False,False,False,False,False,False,False,False,False,False,False,False,False,False,False,False,False
2,1,True,True,True,True,True,False,True,True,True,True,True,True,True,FEEL,37650,2022-05-11 00:00:00+00:00,False,False,False,False,False,False,False,False,False,False,False,False,False,False,False,False,False,False,False,False,False,False,False,False,False,False,False
2,2,True,True,True,True,True,False,True,True,True,True,True,True,True,FEEL,37650,2022-05-11 00:00:00+00:00,False,False,False,False,False,False,False,False,False,False,False,False,False,False,False,False,False,False,False,False,False,False,False,False,False,False,False
2,3,True,True,True,True,False,True,False,True,False,False,False,True,False,FEEL PACK,37700,2022-05-11 00:00:00+00:00,True,True,True,True,True,True,False,False,False,False,False,False,False,False,False,False,False,False,False,False,False,False,False,False,False,False,False
2,4,True,True,True,True,False,True,False,True,False,True,False,True,False,FEEL PACK,37700,2022-05-11 00:00:00+00:00,True,True,True,True,True,True,False,False,False,False,False,False,False,False,False,False,False,False,False,False,False,False,False,False,False,False,False
2,5,True,True,True,True,True,True,False,True,True,True,True,True,True,FEEL,37750,2022-05-11 00:00:00+00:00,False,False,False,False,False,False,False,False,False,False,False,False,False,False,False,False,False,False,False,False,False,False,False,False,False,False,False
2,6,True,True,True,True,False,True,False,True,False,True,False,True,False,FEEL PACK,37800,2022-05-30 00:00:00+00:00,True,True,True,True,True,True,False,False,False,False,False,False,False,False,False,False,False,False,False,False,False,False,False,False,False,False,False
2,7,False,True,True,True,False,True,False,True,False,True,False,True,False,FEEL PACK,38100,2022-05-11 00:00:00+00:00,True,True,True,True,True,True,False,False,False,False,False,False,False,False,False,False,False,False,False,False,False,False,False,False,False,False,False
2,8,False,True,True,True,False,True,False,True,False,True,False,True,False,FEEL PACK,38100,2022-05-30 00:00:00+00:00,True,True,True,True,True,True,False,False,False,False,False,False,False,False,False,False,False,False,False,False,False,False,False,False,False,False,False
2,9,True,True,True,True,False,True,False,True,False,True,False,True,False,FEEL PACK,38100,2022-05-11 00:00:00+00:00,True,True,True,True,True,True,False,False,False,False,False,False,False,False,False,False,False,False,False,False,False,False,False,False,False,False,False
3,1,True,True,True,True,False,True,False,True,False,True,False,True,False,FEEL PACK,38150,2022-05-11 00:00:00+00:00,True,True,True,True,True,True,False,False,False,False,False,False,False,False,False,False,False,False,False,False,False,False,False,False,False,False,False
3,2,True,True,True,True,False,False,False,True,False,True,False,True,False,FEEL PACK,38250,2022-05-30 00:00:00+00:00,True,True,True,True,True,True,False,False,False,False,False,False,False,False,False,False,False,False,False,False,False,False,False,False,False,False,False
3,3,True,True,True,True,False,False,False,True,False,True,False,True,False,FEEL PACK,38300,2022-05-11 00:00:00+00:00,True,True,True,True,True,True,False,False,False,False,False,False,False,False,False,False,False,False,False,False,False,False,False,False,False,False,False
3,4,True,True,True,True,False,False,False,True,False,True,False,True,False,FEEL PACK,38300,2022-05-11 00:00:00+00:00,True,True,True,True,True,True,False,False,False,False,False,False,False,False,False,False,False,False,False,False,False,False,False,False,False,False,False
3,5,True,True,True,True,False,True,False,True,False,True,False,True,False,FEEL PACK,38350,2022-05-11 00:00:00+00:00,True,True,True,True,True,True,False,False,False,False,False,False,False,False,False,False,False,False,False,False,False,False,False,False,False,False,False
3,6,True,True,True,True,True,False,False,True,True,True,True,True,True,FEEL,38450,2022-05-11 00:00:00+00:00,False,False,False,False,False,False,False,False,False,False,False,False,False,False,False,False,False,False,False,False,False,False,False,False,False,False,False
3,7,True,True,True,True,False,False,False,True,False,True,False,True,False,FEEL PACK,38450,2022-05-27 00:00:00+00:00,True,True,True,True,True,True,False,False,False,False,False,False,False,False,False,False,False,False,False,False,False,False,False,False,False,False,False
3,8,True,True,True,True,False,False,False,True,False,True,False,True,False,FEEL PACK,38450,2022-05-11 00:00:00+00:00,True,True,True,True,True,True,False,False,False,False,False,False,False,False,False,False,False,False,False,False,False,False,False,False,False,False,False
3,9,True,True,True,True,False,False,False,True,False,True,False,False,False,FEEL PACK,38500,2022-06-03 00:00:00+00:00,True,True,True,True,True,True,False,False,False,False,False,False,False,False,False,False,False,False,False,False,False,False,False,False,False,False,False
4,2,True,True,True,True,False,True,False,True,False,True,False,True,False,FEEL PACK,38500,2022-05-11 00:00:00+00:00,True,True,True,True,True,True,False,False,False,False,False,False,False,False,False,False,False,False,False,False,False,False,False,False,False,False,False
4,3,True,True,True,True,False,False,False,True,False,True,False,True,False,FEEL PACK,38500,2022-05-11 00:00:00+00:00,True,True,True,True,True,True,False,False,False,False,False,False,False,False,False,False,False,False,False,False,False,False,False,False,False,False,False
4,4,True,True,True,True,False,False,False,True,False,True,False,False,False,FEEL PACK,38500,2022-05-11 00:00:00+00:00,True,True,True,True,True,True,False,False,False,False,False,False,False,False,False,False,False,False,False,False,False,False,False,False,False,False,False
4,5,True,True,True,True,False,False,False,True,False,True,False,True,False,FEEL PACK,38500,2022-05-11 00:00:00+00:00,True,True,True,True,True,True,False,False,False,False,False,False,False,False,False,False,False,False,False,False,False,False,False,False,False,False,False
4,1,True,False,True,False,False,True,False,True,False,True,False,False,False,SHINE,38500,2022-05-11 00:00:00+00:00,True,False,True,True,True,True,True,True,True,True,True,True,True,True,True,True,True,True,True,True,True,True,False,False,False,False,False
4,6,True,True,True,True,False,True,False,True,False,True,False,True,False,FEEL PACK,38550,2022-05-30 00:00:00+00:00,True,True,True,True,True,True,False,False,False,False,False,False,False,False,False,False,False,False,False,False,False,False,False,False,False,False,False
4,7,True,True,True,True,False,False,False,True,False,True,False,True,False,FEEL PACK,38550,2022-05-11 00:00:00+00:00,True,True,True,True,True,True,False,False,False,False,False,False,False,False,False,False,False,False,False,False,False,False,False,False,False,False,False
4,9,True,True,True,True,False,True,False,True,False,True,False,False,False,FEEL PACK,38650,2022-05-30 00:00:00+00:00,True,True,True,True,True,True,False,False,False,False,False,False,False,False,False,False,False,False,False,False,False,False,False,False,False,False,False
5,1,False,True,True,True,False,True,False,True,False,False,False,False,False,FEEL PACK,38650,2022-05-11 00:00:00+00:00,True,True,True,True,True,True,False,False,False,False,False,False,False,False,False,False,False,False,False,False,False,False,False,False,False,False,False
4,8,True,False,True,False,False,True,False,True,False,True,False,False,False,SHINE,38650,2022-05-30 00:00:00+00:00,True,False,True,True,True,True,True,True,True,True,True,True,True,True,True,True,True,True,True,True,True,True,False,False,False,False,False
5,2,True,True,True,True,False,False,False,True,False,True,False,False,False,FEEL PACK,38700,2022-05-11 00:00:00+00:00,True,True,True,True,True,True,False,False,False,False,False,False,False,False,False,False,False,False,False,False,False,False,False,False,False,False,False
5,3,True,True,True,True,False,True,False,True,False,True,False,True,False,FEEL PACK,38700,2022-05-11 00:00:00+00:00,True,True,True,True,True,True,False,False,False,False,False,False,False,False,False,False,False,False,False,False,False,False,False,False,False,False,False
5,4,True,True,True,True,False,False,False,True,False,True,False,True,False,FEEL PACK,38750,2022-05-11 00:00:00+00:00,True,True,True,True,True,True,False,False,False,False,False,False,False,False,False,False,False,False,False,False,False,False,False,False,False,False,False
5,5,True,True,True,True,False,False,False,True,False,True,False,True,False,FEEL PACK,38750,2022-05-30 00:00:00+00:00,True,True,True,True,True,True,False,False,False,False,False,False,False,False,False,False,False,False,False,False,False,False,False,False,False,False,False
5,6,True,True,True,True,False,False,False,True,False,True,False,True,False,FEEL PACK,38750,2022-05-11 00:00:00+00:00,True,True,True,True,True,True,False,False,False,False,False,False,False,False,False,False,False,False,False,False,False,False,False,False,False,False,False
5,7,True,True,True,True,False,False,False,True,False,True,False,True,False,FEEL PACK,38750,2022-05-30 00:00:00+00:00,True,True,True,True,True,True,False,False,False,False,False,False,False,False,False,False,False,False,False,False,False,False,False,False,False,False,False
5,8,True,True,True,True,False,True,False,True,False,True,False,True,False,FEEL PACK,38750,2022-05-30 00:00:00+00:00,True,True,True,True,True,True,False,False,False,False,False,False,False,False,False,False,False,False,False,False,False,False,False,False,False,False,False
6,1,False,True,True,True,False,False,False,True,False,True,False,True,False,FEEL PACK,38800,2022-05-30 00:00:00+00:00,True,True,True,True,True,True,False,False,False,False,False,False,False,False,False,False,False,False,False,False,False,False,False,False,False,False,False
5,9,False,False,True,False,False,True,False,True,False,False,False,False,False,SHINE,38800,2022-05-11 00:00:00+00:00,True,False,True,True,True,True,True,True,True,True,True,True,True,True,True,True,True,True,True,True,True,True,False,False,False,False,False
6,2,True,True,True,True,False,False,False,True,False,False,False,False,False,FEEL PACK,38850,2022-05-27 00:00:00+00:00,True,True,True,True,True,True,False,False,False,False,False,False,False,False,False,False,False,False,False,False,False,False,False,False,False,False,False
6,3,True,True,True,True,False,False,False,True,False,True,False,True,False,FEEL PACK,38900,2022-05-11 00:00:00+00:00,True,True,True,True,True,True,False,False,False,False,False,False,False,False,False,False,False,False,False,False,False,False,False,False,False,False,False
6,6,True,True,True,True,False,True,False,True,False,True,False,True,False,FEEL PACK,38900,2022-05-30 00:00:00+00:00,True,True,True,True,True,True,False,False,False,False,False,False,False,False,False,False,False,False,False,False,False,False,False,False,False,False,False
6,7,True,True,True,True,False,False,False,True,False,True,False,False,False,FEEL PACK,38900,2022-05-30 00:00:00+00:00,True,True,True,True,True,True,False,False,False,False,False,False,False,False,False,False,False,False,False,False,False,False,False,False,False,False,False
6,9,True,True,True,True,False,False,False,True,False,True,False,True,False,FEEL PACK,38900,2022-05-11 00:00:00+00:00,True,True,True,True,True,True,False,False,False,False,False,False,False,False,False,False,False,False,False,False,False,False,False,False,False,False,False
6,4,False,False,True,False,False,False,False,True,False,True,False,False,False,SHINE,38900,2022-05-11 00:00:00+00:00,True,False,True,True,True,True,True,True,True,True,True,True,True,True,True,True,True,True,True,True,True,True,False,False,False,False,False
6,5,False,False,True,False,False,False,False,True,False,True,False,False,False,SHINE,38900,2022-05-11 00:00:00+00:00,True,False,True,True,True,True,True,True,True,True,True,True,True,True,True,True,True,True,True,True,True,True,False,False,False,False,False
6,8,False,False,True,False,False,False,False,True,False,True,False,False,False,SHINE,38900,2022-05-11 00:00:00+00:00,True,False,True,True,True,True,True,True,True,True,True,True,True,True,True,True,True,True,True,True,True,True,False,False,False,False,False
7,1,True,True,True,True,False,False,False,True,False,True,False,True,False,FEEL PACK,38950,2022-05-11 00:00:00+00:00,True,True,True,True,True,True,False,False,False,False,False,False,False,False,False,False,False,False,False,False,False,False,False,False,False,False,False
7,2,True,True,True,True,False,False,False,True,False,True,False,True,False,FEEL PACK,38950,2022-05-30 00:00:00+00:00,True,True,True,True,True,True,False,False,False,False,False,False,False,False,False,False,False,False,False,False,False,False,False,False,False,False,False
7,4,True,True,True,True,True,False,False,True,True,True,True,False,True,FEEL,39000,2022-05-30 00:00:00+00:00,False,False,False,False,False,False,False,False,False,False,False,False,False,False,False,False,False,False,False,False,False,False,False,False,False,False,False
7,5,False,True,True,True,False,True,False,True,False,True,False,False,False,FEEL PACK,39000,2022-05-11 00:00:00+00:00,True,True,True,True,True,True,False,False,False,False,False,False,False,False,False,False,False,False,False,False,False,False,False,False,False,False,False
7,3,True,False,True,False,False,True,False,True,False,True,False,False,False,SHINE,39000,2022-05-11 00:00:00+00:00,True,False,True,True,True,True,True,True,True,True,True,True,True,True,True,True,True,True,True,True,True,True,False,False,False,False,False
7,6,False,True,True,True,False,True,False,True,False,False,False,False,False,FEEL PACK,39100,2022-05-11 00:00:00+00:00,True,True,True,True,True,True,False,False,False,False,False,False,False,False,False,False,False,False,False,False,False,False,False,False,False,False,False
7,8,True,True,True,True,False,False,False,True,False,True,False,True,False,FEEL PACK,39100,2022-05-11 00:00:00+00:00,True,True,True,True,True,True,False,False,False,False,False,False,False,False,False,False,False,False,False,False,False,False,False,False,False,False,False
7,9,True,True,True,True,False,True,False,True,False,True,False,False,False,FEEL PACK,39100,2022-05-30 00:00:00+00:00,True,True,True,True,True,True,False,False,False,False,False,False,False,False,False,False,False,False,False,False,False,False,False,False,False,False,False
8,1,True,True,True,True,False,False,False,True,False,True,False,True,False,FEEL PACK,39100,2022-05-11 00:00:00+00:00,True,True,True,True,True,True,False,False,False,False,False,False,False,False,False,False,False,False,False,False,False,False,False,False,False,False,False
8,3,False,True,True,True,False,False,False,True,False,True,False,True,False,FEEL PACK,39100,2022-05-11 00:00:00+00:00,True,True,True,True,True,True,False,False,False,False,False,False,False,False,False,False,False,False,False,False,False,False,False,False,False,False,False
8,4,True,True,True,True,False,True,False,True,False,True,False,False,False,FEEL PACK,39100,2022-05-11 00:00:00+00:00,True,True,True,True,True,True,False,False,False,False,False,False,False,False,False,False,False,False,False,False,False,False,False,False,False,False,False
7,7,True,False,True,False,False,False,False,True,False,True,False,False,False,SHINE,39100,2022-05-11 00:00:00+00:00,True,False,True,True,True,True,True,True,True,True,True,True,True,True,True,True,True,True,True,True,True,True,False,False,False,False,False
8,2,True,False,True,False,False,False,False,True,False,True,False,False,False,SHINE,39100,2022-05-11 00:00:00+00:00,True,False,True,True,True,True,True,True,True,True,True,True,True,True,True,True,True,True,True,True,True,True,False,False,False,False,False
8,6,True,True,True,True,False,False,False,True,False,True,False,False,False,FEEL PACK,39150,2022-05-11 00:00:00+00:00,True,True,True,True,True,True,False,False,False,False,False,False,False,False,False,False,False,False,False,False,False,False,False,False,False,False,False
8,8,True,True,True,True,False,False,False,True,False,True,False,False,False,FEEL PACK,39150,2022-05-11 00:00:00+00:00,True,True,True,True,True,True,False,False,False,False,False,False,False,False,False,False,False,False,False,False,False,False,False,False,False,False,False
9,1,True,True,True,True,False,False,False,True,False,True,False,False,False,FEEL PACK,39150,2022-05-11 00:00:00+00:00,True,True,True,True,True,True,False,False,False,False,False,False,False,False,False,False,False,False,False,False,False,False,False,False,False,False,False
9,2,True,True,True,True,False,False,False,True,False,True,False,False,False,FEEL PACK,39150,2022-05-30 00:00:00+00:00,True,True,True,True,True,True,False,False,False,False,False,False,False,False,False,False,False,False,False,False,False,False,False,False,False,False,False
8,5,False,False,True,False,False,True,False,True,False,True,False,False,False,SHINE,39150,2022-05-11 00:00:00+00:00,True,False,True,True,True,True,True,True,True,True,True,True,True,True,True,True,True,True,True,True,True,True,False,False,False,False,False
8,7,True,False,True,False,False,True,False,True,False,True,False,False,False,SHINE,39150,2022-05-11 00:00:00+00:00,True,False,True,True,True,True,True,True,True,True,True,True,True,True,True,True,True,True,True,True,True,True,False,False,False,False,False
8,9,False,False,True,False,False,True,False,True,False,False,False,False,False,SHINE,39150,2022-05-11 00:00:00+00:00,True,False,True,True,True,True,True,True,True,True,True,True,True,True,True,True,True,True,True,True,True,True,False,False,False,False,False
9,3,False,False,True,False,False,True,False,True,False,True,False,False,False,SHINE,39150,2022-05-11 00:00:00+00:00,True,False,True,True,True,True,True,True,True,True,True,True,True,True,True,True,True,True,True,True,True,True,False,False,False,False,False
9,4,False,False,True,False,False,True,False,True,False,True,False,False,False,SHINE,39150,2022-05-11 00:00:00+00:00,True,False,True,True,True,True,True,True,True,True,True,True,True,True,True,True,True,True,True,True,True,True,False,False,False,False,False
9,6,True,True,True,True,False,False,False,True,False,True,False,False,False,FEEL PACK,39200,2022-05-30 00:00:00+00:00,True,True,True,True,True,True,False,False,False,False,False,False,False,False,False,False,False,False,False,False,False,False,False,False,False,False,False
9,8,True,True,True,True,False,False,False,True,False,True,False,False,False,FEEL PACK,39200,2022-05-11 00:00:00+00:00,True,True,True,True,True,True,False,False,False,False,False,False,False,False,False,False,False,False,False,False,False,False,False,False,False,False,False
9,5,True,False,True,False,False,False,False,True,False,True,False,False,False,SHINE,39200,2022-05-20 00:00:00+00:00,True,False,True,True,True,True,True,True,True,True,True,True,True,True,True,True,True,True,True,True,True,True,False,False,False,False,False
9,7,False,False,True,False,False,False,False,True,False,True,False,False,False,SHINE,39200,2022-05-30 00:00:00+00:00,True,False,True,True,True,True,True,True,True,True,True,True,True,True,True,True,True,True,True,True,True,True,False,False,False,False,False
9,9,False,False,True,False,False,False,False,True,False,True,False,False,False,SHINE,39200,2022-05-11 00:00:00+00:00,True,False,True,True,True,True,True,True,True,True,True,True,True,True,True,True,True,True,True,True,True,True,False,False,False,False,False
10,1,True,True,True,True,False,False,False,True,False,True,False,True,False,FEEL PACK,39250,2022-05-11 00:00:00+00:00,True,True,True,True,True,True,False,False,False,False,False,False,False,False,False,False,False,False,False,False,False,False,False,False,False,False,False
10,2,False,True,True,True,False,False,False,True,False,False,False,False,False,FEEL PACK,39250,2022-05-20 00:00:00+00:00,True,True,True,True,True,True,False,False,False,False,False,False,False,False,False,False,False,False,False,False,False,False,False,False,False,False,False
10,3,True,True,True,True,False,False,False,True,False,True,False,True,False,FEEL PACK,39250,2022-05-30 00:00:00+00:00,True,True,True,True,True,True,False,False,False,False,False,False,False,False,False,False,False,False,False,False,False,False,False,False,False,False,False
10,4,True,True,True,True,False,True,False,True,False,True,False,False,False,FEEL PACK,39300,2022-05-30 00:00:00+00:00,True,True,True,True,True,True,False,False,False,False,False,False,False,False,False,False,False,False,False,False,False,False,False,False,False,False,False
10,6,True,True,True,True,False,True,False,True,False,True,False,False,False,FEEL PACK,39300,2022-05-30 00:00:00+00:00,True,True,True,True,True,True,False,False,False,False,False,False,False,False,False,False,False,False,False,False,False,False,False,False,False,False,False
10,5,False,False,False,False,False,False,False,True,False,False,False,False,False,SHINE,39300,2022-05-11 00:00:00+00:00,True,False,True,True,True,True,True,True,True,True,True,True,True,True,True,True,True,True,True,True,True,True,False,False,False,False,False
10,7,False,False,False,False,False,True,False,True,False,True,False,False,False,SHINE,39350,2022-05-11 00:00:00+00:00,True,False,True,True,True,True,True,True,True,True,True,True,True,True,True,True,True,True,True,True,True,True,False,False,False,False,False
10,8,True,False,True,False,False,True,False,True,False,True,False,False,False,SHINE,39350,2022-05-11 00:00:00+00:00,True,False,True,True,True,True,True,True,True,True,True,True,False,True,True,True,True,True,True,True,True,True,False,False,False,False,False
10,9,True,False,False,False,False,True,False,True,False,True,False,False,False,SHINE,39350,2022-05-30 00:00:00+00:00,True,False,True,True,True,True,True,True,True,True,True,True,True,True,True,True,True,True,True,True,True,True,False,False,False,False,False
11,1,True,False,True,False,False,True,False,True,False,True,False,False,False,SHINE,39350,2022-05-30 00:00:00+00:00,True,False,True,True,True,True,True,True,True,True,True,True,False,True,True,True,True,True,True,True,True,True,False,False,False,False,False
11,2,False,True,True,True,False,True,False,True,False,True,False,False,False,FEEL PACK,39400,2022-05-11 00:00:00+00:00,True,True,True,True,True,True,False,False,False,False,False,False,False,False,False,False,False,False,False,False,False,False,False,False,False,False,False
11,4,False,True,True,True,False,False,False,True,False,False,False,False,False,FEEL PACK,39400,2022-05-30 00:00:00+00:00,True,True,True,True,True,True,False,False,False,False,False,False,False,False,False,False,False,False,False,False,False,False,False,False,False,False,False
11,5,True,True,True,True,False,False,False,True,False,True,False,False,False,FEEL PACK,39400,2022-05-11 00:00:00+00:00,True,True,True,True,True,True,False,False,False,False,False,False,False,False,False,False,False,False,False,False,False,False,False,False,False,False,False
11,3,False,False,True,False,False,False,False,True,False,False,False,False,False,SHINE,39400,2022-05-11 00:00:00+00:00,True,False,True,True,True,True,True,True,True,True,True,True,True,True,True,True,True,True,True,True,True,True,False,False,False,False,False
11,6,True,False,True,False,False,False,False,True,False,True,False,False,False,SHINE,39400,2022-05-30 00:00:00+00:00,True,False,True,True,True,True,True,True,True,True,True,True,True,True,True,True,True,True,True,True,True,True,False,False,False,False,False
11,7,True,False,True,False,False,True,False,True,False,True,False,False,False,SHINE,39450,2022-05-11 00:00:00+00:00,True,False,True,True,True,True,True,True,True,True,True,True,True,True,True,True,True,True,True,True,True,True,False,False,False,False,False
11,8,False,False,True,False,False,True,False,True,False,False,False,False,False,SHINE,39450,2022-05-11 00:00:00+00:00,True,False,True,True,True,True,True,True,True,True,True,True,True,True,True,True,True,True,True,True,True,True,False,False,False,False,False
11,9,False,False,True,False,False,True,False,True,False,True,False,False,False,SHINE,39450,2022-05-11 00:00:00+00:00,True,False,True,True,True,True,True,True,True,True,True,True,True,True,True,True,True,True,True,True,True,True,False,False,False,False,False
12,1,False,False,True,False,False,True,False,True,False,False,False,False,False,SHINE,39450,2022-05-30 00:00:00+00:00,True,False,True,True,True,True,True,True,True,True,True,True,True,True,True,True,True,True,True,True,True,True,False,False,False,False,False
12,2,True,True,True,True,False,False,False,True,False,True,False,False,False,FEEL PACK,39500,2022-05-11 00:00:00+00:00,True,True,True,True,True,True,False,False,False,False,False,False,False,False,False,False,False,False,False,False,False,False,False,False,False,False,False
12,4,True,True,True,True,False,False,False,True,False,False,False,False,False,FEEL PACK,39500,2022-05-11 00:00:00+00:00,True,True,True,True,True,True,False,False,False,False,False,False,False,False,False,False,False,False,False,False,False,False,False,False,False,False,False
12,5,True,True,True,True,False,False,False,True,False,True,False,False,False,FEEL PACK,39500,2022-05-11 00:00:00+00:00,True,True,True,True,True,True,False,False,False,False,False,False,False,False,False,False,False,False,False,False,False,False,False,False,False,False,False
12,6,True,True,True,True,False,False,False,True,False,True,False,False,False,FEEL PACK,39500,2022-05-30 00:00:00+00:00,True,True,True,True,True,True,False,False,False,False,False,False,False,False,False,False,False,False,False,False,False,False,False,False,False,False,False
12,9,True,True,True,True,False,False,False,True,False,True,False,False,False,FEEL PACK,39500,2022-05-11 00:00:00+00:00,True,True,True,True,True,True,False,False,False,False,False,False,False,False,False,False,False,False,False,False,False,False,False,False,False,False,False
13,1,True,True,True,True,False,False,False,True,False,False,False,False,False,FEEL PACK,39500,2022-05-11 00:00:00+00:00,True,True,True,True,True,True,False,False,False,False,False,False,False,False,False,False,False,False,False,False,False,False,False,False,False,False,False
12,3,True,False,True,False,False,True,False,True,False,True,False,False,False,SHINE,39500,2022-05-11 00:00:00+00:00,True,False,True,True,True,True,True,True,True,True,True,True,True,True,True,True,True,True,True,True,True,True,False,False,False,False,False
12,7,True,False,True,False,False,False,False,True,False,True,False,False,False,SHINE,39500,2022-05-11 00:00:00+00:00,True,False,True,True,True,True,True,True,True,True,True,True,False,True,True,True,True,True,True,True,True,True,False,False,False,False,False
12,8,True,False,True,False,False,True,False,True,False,True,False,False,False,SHINE,39500,2022-05-11 00:00:00+00:00,True,False,True,True,True,True,True,True,True,True,True,True,True,True,True,True,True,True,True,True,True,True,False,False,False,False,False
13,2,True,False,True,False,False,False,False,True,False,True,False,False,False,SHINE,39550,2022-05-11 00:00:00+00:00,True,False,True,True,True,True,True,True,True,True,True,True,True,True,True,True,True,True,True,True,True,True,False,False,False,False,False
13,3,True,False,True,False,False,False,False,True,False,True,False,False,False,SHINE,39550,2022-05-30 00:00:00+00:00,True,False,True,True,True,True,True,True,True,True,True,True,True,True,True,True,True,True,True,True,True,True,False,False,False,False,False
13,4,False,False,True,False,False,False,False,True,False,False,False,False,False,SHINE,39550,2022-05-11 00:00:00+00:00,True,False,True,True,True,True,True,True,True,True,True,True,True,True,True,True,True,True,True,True,True,True,False,False,False,False,False
13,5,False,False,True,False,False,False,False,True,False,True,False,False,False,SHINE,39550,2022-05-11 00:00:00+00:00,True,False,True,True,True,True,True,True,True,True,True,True,True,True,True,True,True,True,True,True,True,True,False,False,False,False,False
13,6,True,False,True,False,False,False,False,True,False,True,False,False,False,SHINE,39550,2022-05-11 00:00:00+00:00,True,False,True,True,True,True,True,True,True,True,True,True,True,True,True,True,True,True,True,True,True,True,False,False,False,False,False
13,7,False,False,True,False,False,False,False,True,False,False,False,False,False,SHINE,39550,2022-05-11 00:00:00+00:00,True,False,True,True,True,True,True,True,True,True,True,True,True,True,True,True,True,True,True,True,True,True,False,False,False,False,False
13,8,False,False,True,False,False,False,False,True,False,True,False,False,False,SHINE,39550,2022-05-13 00:00:00+00:00,True,False,True,True,True,True,True,True,True,True,True,True,True,True,True,True,True,True,True,True,True,True,False,False,False,False,False
13,9,True,False,True,False,False,False,False,True,False,True,False,False,False,SHINE,39550,2022-05-11 00:00:00+00:00,True,False,True,True,True,True,True,True,True,True,True,True,True,True,True,True,True,True,True,True,True,True,False,False,False,False,False
14,1,True,False,True,False,False,False,False,True,False,True,False,False,False,SHINE,39550,2022-05-11 00:00:00+00:00,True,False,True,True,True,True,True,True,True,True,True,True,True,True,True,True,True,True,True,True,True,True,False,False,False,False,False
14,2,False,False,True,False,False,False,False,True,False,True,False,False,False,SHINE,39550,2022-05-11 00:00:00+00:00,True,False,True,True,True,True,True,True,True,True,True,True,True,True,True,True,True,True,True,True,True,True,False,False,False,False,False
14,3,True,False,True,False,False,False,False,True,False,True,False,False,False,SHINE,39550,2022-05-30 00:00:00+00:00,True,False,True,True,True,True,True,True,True,True,True,True,True,True,True,True,True,True,True,True,True,True,False,False,False,False,False
14,6,True,True,True,True,False,False,False,True,False,True,False,True,False,FEEL PACK,39600,2022-05-11 00:00:00+00:00,True,True,True,True,True,True,False,False,False,False,False,False,False,False,False,False,False,False,False,False,False,False,False,False,False,False,False
14,4,True,False,True,False,False,True,False,True,False,True,False,False,False,SHINE,39600,2022-05-13 00:00:00+00:00,True,False,True,True,True,True,True,True,True,True,True,True,True,True,True,True,True,True,True,True,True,True,False,False,False,False,False
14,7,False,False,True,False,False,True,False,True,False,True,False,False,False,SHINE,39600,2022-05-11 00:00:00+00:00,True,False,True,True,True,True,True,True,True,True,True,True,True,True,True,True,True,True,True,True,True,True,False,False,False,False,False
14,8,True,False,True,False,False,False,False,True,False,True,False,False,False,SHINE,39600,2022-05-13 00:00:00+00:00,True,False,True,True,True,True,True,True,True,True,True,True,False,True,True,True,True,True,True,True,True,True,False,False,False,False,False
14,9,True,False,True,False,False,False,False,True,False,True,False,False,False,SHINE,39600,2022-05-11 00:00:00+00:00,True,False,True,True,True,True,True,True,True,True,True,True,False,True,True,True,True,True,True,True,True,True,False,False,False,False,False
15,5,False,True,True,True,False,False,False,True,False,False,False,False,False,FEEL PACK,39650,2022-05-30 00:00:00+00:00,True,True,True,True,True,True,False,False,False,False,False,False,False,False,False,False,False,False,False,False,False,False,False,False,False,False,False
15,1,True,False,True,False,False,True,False,True,False,True,False,False,False,SHINE,39650,2022-05-11 00:00:00+00:00,True,False,True,True,True,True,True,True,True,True,True,True,False,True,True,True,True,True,True,True,True,True,False,False,False,False,False
15,2,False,False,True,False,False,True,False,True,False,True,False,False,False,SHINE,39650,2022-05-11 00:00:00+00:00,True,False,True,True,True,True,True,True,True,True,True,True,False,True,True,True,True,True,True,True,True,True,False,False,False,False,False
15,3,True,False,True,False,False,True,False,True,False,False,False,False,False,SHINE,39650,2022-05-11 00:00:00+00:00,True,False,True,True,True,True,True,True,True,True,True,True,True,True,True,True,True,True,True,True,True,True,False,False,False,False,False
15,4,False,False,True,False,False,True,False,True,False,True,False,False,False,SHINE,39650,2022-05-11 00:00:00+00:00,True,False,True,True,True,True,True,True,True,True,True,True,True,True,True,True,True,True,True,True,True,True,False,False,False,False,False
15,7,True,True,True,True,False,False,False,True,False,True,False,False,False,FEEL PACK,39700,2022-05-30 00:00:00+00:00,True,True,True,True,True,True,False,False,False,False,False,False,False,False,False,False,False,False,False,False,False,False,False,False,False,False,False
15,8,True,True,True,True,False,False,False,True,False,True,False,False,False,FEEL PACK,39700,2022-05-30 00:00:00+00:00,True,True,True,True,True,True,False,False,False,False,False,False,False,False,False,False,False,False,False,False,False,False,False,False,False,False,False
15,6,True,False,True,False,False,True,False,True,False,True,False,False,False,SHINE,39700,2022-05-11 00:00:00+00:00,True,False,True,True,True,True,True,True,True,True,True,True,False,True,True,True,True,True,True,True,True,True,False,False,False,False,False
16,5,True,True,True,True,False,True,False,True,False,True,False,False,False,FEEL PACK,39750,2022-05-11 00:00:00+00:00,True,True,True,True,True,True,False,False,False,False,False,False,False,False,False,False,False,False,False,False,False,False,False,False,False,False,False
15,9,False,False,True,False,False,False,False,True,False,True,False,False,False,SHINE,39750,2022-05-11 00:00:00+00:00,True,False,True,True,True,True,True,True,True,True,True,True,False,True,True,True,True,True,True,True,True,True,False,False,False,False,False
16,2,False,False,False,False,False,False,False,True,False,False,False,False,False,SHINE,39750,2022-05-11 00:00:00+00:00,True,False,True,True,True,True,True,True,True,True,True,True,True,True,True,True,True,True,True,True,True,True,False,False,False,False,False
16,3,True,False,True,False,False,False,False,True,False,True,False,False,False,SHINE,39750,2022-05-30 00:00:00+00:00,True,False,True,True,True,True,True,True,True,True,True,True,True,True,True,True,True,True,True,True,True,True,False,False,False,False,False
16,4,True,False,True,False,False,False,False,True,False,True,False,False,False,SHINE,39750,2022-05-11 00:00:00+00:00,True,False,True,True,True,True,True,True,True,True,True,True,False,True,True,True,True,True,True,True,True,True,False,False,False,False,False
16,6,True,False,True,False,False,False,False,False,False,True,False,False,False,SHINE,39750,2022-05-30 00:00:00+00:00,True,False,True,True,True,True,True,True,True,True,True,True,True,True,True,True,True,True,True,True,True,True,False,False,False,False,False
16,7,True,False,True,False,False,False,False,True,False,True,False,False,False,SHINE,39750,2022-05-11 00:00:00+00:00,True,False,True,True,True,True,True,True,True,True,True,True,True,True,True,True,True,True,True,True,True,True,False,False,False,False,False
16,8,False,False,True,False,False,False,False,True,False,True,False,False,False,SHINE,39750,2022-05-11 00:00:00+00:00,True,False,True,True,True,True,True,True,True,True,True,True,True,True,True,True,True,True,True,True,True,True,False,False,False,False,False
16,9,True,False,True,False,False,False,False,True,False,True,False,False,False,SHINE,39750,2022-05-11 00:00:00+00:00,True,False,True,True,True,True,True,True,True,True,True,True,False,True,True,True,True,True,True,True,True,True,False,False,False,False,False
17,1,True,False,True,False,False,False,False,True,False,True,False,False,False,SHINE,39750,2022-05-11 00:00:00+00:00,True,False,True,True,True,True,True,True,True,True,True,True,True,True,True,True,True,True,True,True,True,True,False,False,False,False,False
17,2,True,False,True,False,False,False,False,True,False,True,False,False,False,SHINE,39750,2022-05-11 00:00:00+00:00,True,False,True,True,True,True,True,True,True,True,True,True,False,True,True,True,True,True,True,True,True,True,False,False,False,False,False
17,3,True,False,True,False,False,False,False,True,False,True,False,False,False,SHINE,39750,2022-05-11 00:00:00+00:00,True,False,True,True,True,True,True,True,True,True,True,True,False,True,True,True,True,True,True,True,True,True,False,False,False,False,False
17,4,True,False,True,False,False,False,False,True,False,True,False,False,False,SHINE,39750,2022-05-11 00:00:00+00:00,True,False,True,True,True,True,True,True,True,True,True,True,True,True,True,True,True,True,True,True,True,True,False,False,False,False,False
17,5,True,False,True,False,False,False,False,True,False,False,False,False,False,SHINE,39750,2022-05-11 00:00:00+00:00,True,False,True,True,True,True,True,True,True,True,True,True,True,True,True,True,True,True,True,True,True,True,False,False,False,False,False
17,6,True,False,True,False,False,False,False,True,False,True,False,False,False,SHINE,39750,2022-05-30 00:00:00+00:00,True,False,True,True,True,True,True,True,True,True,True,True,False,True,True,True,True,True,True,True,True,True,False,False,False,False,False
17,7,False,False,True,False,False,False,False,True,False,True,False,False,False,SHINE,39800,2022-05-30 00:00:00+00:00,True,False,True,True,True,True,True,True,True,True,True,True,False,True,True,True,True,True,True,True,True,True,False,False,False,False,False
17,8,True,False,True,False,False,False,False,True,False,True,False,False,False,SHINE,39850,2022-05-11 00:00:00+00:00,True,False,True,True,True,True,True,True,True,True,True,True,True,True,True,True,True,True,True,True,True,True,False,False,False,False,False
17,9,True,False,True,False,False,False,False,True,False,True,False,False,False,SHINE,39850,2022-05-11 00:00:00+00:00,True,False,True,True,True,True,True,True,True,True,True,True,True,True,True,True,True,True,True,True,True,True,False,False,False,False,False
18,1,True,False,True,False,False,False,False,True,False,True,False,False,False,SHINE,39850,2022-05-11 00:00:00+00:00,True,False,True,True,True,True,True,True,True,True,True,True,True,True,True,True,True,True,True,True,True,True,False,False,False,False,False
18,2,True,False,True,False,False,False,False,True,False,True,False,False,False,SHINE,39850,2022-05-11 00:00:00+00:00,True,False,True,True,True,True,True,True,True,True,True,True,True,True,True,True,True,True,True,True,True,True,False,False,False,False,False
18,3,True,False,True,False,False,False,False,True,False,True,False,False,False,SHINE,39850,2022-05-11 00:00:00+00:00,True,False,True,True,True,True,True,True,True,True,True,True,True,True,True,True,True,True,True,True,True,True,False,False,False,False,False
18,4,True,False,True,False,False,False,False,True,False,True,False,False,False,SHINE,39850,2022-05-20 00:00:00+00:00,True,False,True,True,True,True,True,True,True,True,True,True,True,True,True,True,True,True,True,True,True,True,False,False,False,False,False
18,5,True,False,True,False,False,False,False,True,False,True,False,False,False,SHINE,39850,2022-05-11 00:00:00+00:00,True,False,True,True,True,True,True,True,True,True,True,True,True,True,True,True,True,True,True,True,True,True,False,False,False,False,False
18,6,False,False,True,False,False,False,False,True,False,True,False,False,False,SHINE,39850,2022-05-11 00:00:00+00:00,True,False,True,True,True,True,True,True,True,True,True,True,True,True,True,True,True,True,True,True,True,True,False,False,False,False,False
18,7,False,False,True,False,False,False,False,True,False,False,False,False,False,SHINE,39850,2022-05-11 00:00:00+00:00,True,False,True,True,True,True,True,True,True,True,True,True,True,True,True,True,True,True,True,True,True,True,False,False,False,False,False
18,8,True,False,True,False,False,False,False,True,False,True,False,False,False,SHINE,39850,2022-05-11 00:00:00+00:00,True,False,True,True,True,True,True,True,True,True,True,True,True,True,True,True,True,True,True,True,True,True,False,False,False,False,False
18,9,True,False,True,False,False,False,False,True,False,True,False,False,False,SHINE,39850,2022-05-11 00:00:00+00:00,True,False,True,True,True,True,True,True,True,True,True,True,True,True,True,True,True,True,True,True,True,True,False,False,False,False,False
19,1,True,False,True,False,False,False,False,True,False,True,False,False,False,SHINE,39850,2022-06-03 00:00:00+00:00,True,False,True,True,True,True,True,True,True,True,True,True,True,True,True,True,True,True,True,True,True,True,False,False,False,False,False
19,2,True,False,True,False,False,False,False,True,False,True,False,False,False,SHINE,39850,2022-05-11 00:00:00+00:00,True,False,True,True,True,True,True,True,True,True,True,True,True,True,True,True,True,True,True,True,True,True,False,False,False,False,False
19,3,True,False,True,False,False,False,False,True,False,True,False,False,False,SHINE,39850,2022-05-30 00:00:00+00:00,True,False,True,True,True,True,True,True,True,True,True,True,True,True,True,True,True,True,True,True,True,True,False,False,False,False,False
19,4,False,False,True,False,False,False,False,True,False,True,False,False,False,SHINE,39850,2022-05-30 00:00:00+00:00,True,False,True,True,True,True,True,True,True,True,True,True,True,True,True,True,True,True,True,True,True,True,False,False,False,False,False
19,5,False,False,True,False,False,False,False,True,False,False,False,False,False,SHINE,39850,2022-05-11 00:00:00+00:00,True,False,True,True,True,True,True,True,True,True,True,True,True,True,True,True,True,True,True,True,True,True,False,False,False,False,False
19,6,False,False,True,False,False,False,False,True,False,True,False,False,False,SHINE,39850,2022-05-11 00:00:00+00:00,True,False,True,True,True,True,True,True,True,True,True,True,True,True,True,True,True,True,True,True,True,True,False,False,False,False,False
19,7,True,False,True,False,False,False,False,True,False,True,False,False,False,SHINE,39850,2022-05-30 00:00:00+00:00,True,False,True,True,True,True,True,True,True,True,True,True,True,True,True,True,True,True,True,True,True,True,False,False,False,False,False
19,8,False,False,True,False,False,False,False,True,False,False,False,False,False,SHINE,39850,2022-05-30 00:00:00+00:00,True,False,True,True,True,True,True,True,True,True,True,True,True,True,True,True,True,True,True,True,True,True,False,False,False,False,False
19,9,True,False,True,False,False,False,False,True,False,True,False,False,False,SHINE,39850,2022-05-11 00:00:00+00:00,True,False,True,True,True,True,True,True,True,True,True,True,True,True,True,True,True,True,True,True,True,True,False,False,False,False,False
20,1,False,False,True,False,False,False,False,True,False,True,False,False,False,SHINE,39850,2022-05-11 00:00:00+00:00,True,False,True,True,True,True,True,True,True,True,True,True,True,True,True,True,True,True,True,True,True,True,False,False,False,False,False
20,2,True,False,True,False,False,False,False,True,False,True,False,False,False,SHINE,39850,2022-05-11 00:00:00+00:00,True,False,True,True,True,True,True,True,True,True,True,True,True,True,True,True,True,True,True,True,True,True,False,False,False,False,False
20,3,True,False,True,False,False,False,False,True,False,True,False,False,False,SHINE,39850,2022-05-11 00:00:00+00:00,True,False,True,True,True,True,True,True,True,True,True,True,True,True,True,True,True,True,True,True,True,True,False,False,False,False,False
20,4,True,False,True,False,False,False,False,True,False,True,False,False,False,SHINE,39850,2022-05-27 00:00:00+00:00,True,False,True,True,True,True,True,True,True,True,True,True,True,True,True,True,True,True,True,True,True,True,False,False,False,False,False
20,5,True,False,True,False,False,False,False,True,False,True,False,False,False,SHINE,39850,2022-05-11 00:00:00+00:00,True,False,True,True,True,True,True,True,True,True,True,True,True,True,True,True,True,True,True,True,True,True,False,False,False,False,False
20,6,False,False,True,False,False,False,False,True,False,True,False,False,False,SHINE,39850,2022-05-30 00:00:00+00:00,True,False,True,True,True,True,True,True,True,True,True,True,True,True,True,True,True,True,True,True,True,True,False,False,False,False,False
20,7,False,False,True,False,False,False,False,True,False,True,False,False,False,SHINE,39850,2022-05-30 00:00:00+00:00,True,False,True,True,True,True,True,True,True,True,True,True,True,True,True,True,True,True,True,True,True,True,False,False,False,False,False
20,8,False,False,True,False,False,False,False,True,False,True,False,False,False,SHINE,39850,2022-05-30 00:00:00+00:00,True,False,True,True,True,True,True,True,True,True,True,True,True,True,True,True,True,True,True,True,True,True,False,False,False,False,False
20,9,True,False,False,False,False,True,False,False,False,True,False,False,False,SHINE PACK,39900,2022-05-11 00:00:00+00:00,True,False,True,True,True,True,True,True,True,True,True,True,False,True,True,True,True,True,True,True,True,True,True,True,True,True,True
21,1,True,False,False,False,False,True,False,False,False,True,False,False,False,SHINE PACK,39900,2022-05-11 00:00:00+00:00,True,False,True,True,True,True,True,True,True,True,True,True,False,True,True,True,True,True,True,True,True,True,True,True,True,True,True
21,2,True,False,False,False,False,True,False,False,False,True,False,False,False,SHINE PACK,39900,2022-05-27 00:00:00+00:00,True,False,True,True,True,True,True,True,True,True,True,True,False,True,True,True,True,True,True,True,True,True,True,True,True,True,True
21,3,True,False,False,False,False,True,False,False,False,True,False,False,False,SHINE PACK,39900,2022-05-11 00:00:00+00:00,True,False,True,True,True,True,True,True,True,True,True,True,False,True,True,True,True,True,True,True,True,True,True,True,True,True,True
21,4,True,False,True,False,False,False,False,True,False,True,False,False,False,SHINE,39950,2022-05-11 00:00:00+00:00,True,False,True,True,True,True,True,True,True,True,True,True,False,True,True,True,True,True,True,True,True,True,False,False,False,False,False
21,6,True,False,True,False,False,True,False,True,False,False,False,False,False,SHINE,40000,2022-05-11 00:00:00+00:00,True,False,True,True,True,True,True,True,True,True,True,True,False,True,True,True,True,True,True,True,True,True,False,False,False,False,False
21,7,True,False,True,False,False,False,False,True,False,True,False,False,False,SHINE,40000,2022-05-30 00:00:00+00:00,True,False,True,True,True,True,True,True,True,True,True,True,True,True,True,True,True,True,True,True,True,True,False,False,False,False,False
21,8,True,False,True,False,False,True,False,True,False,False,False,False,False,SHINE,40000,2022-05-11 00:00:00+00:00,True,False,True,True,True,True,True,True,True,True,True,True,False,True,True,True,True,True,True,True,True,True,False,False,False,False,False
21,5,True,False,False,False,False,True,False,False,False,True,False,False,False,SHINE PACK,40000,2022-05-30 00:00:00+00:00,True,False,True,True,True,True,True,True,True,True,True,True,False,True,True,True,True,True,True,True,True,True,True,True,True,True,True
21,9,True,False,False,False,False,True,False,False,False,True,False,False,False,SHINE PACK,40000,2022-05-30 00:00:00+00:00,True,False,True,True,True,True,True,True,True,True,True,True,False,True,True,True,True,True,True,True,True,True,True,True,True,True,True
22,1,False,False,True,False,False,False,False,True,False,True,False,False,False,SHINE,40050,2022-05-11 00:00:00+00:00,True,False,True,True,True,True,True,True,True,True,True,True,False,True,True,True,True,True,True,True,True,True,False,False,False,False,False
22,2,True,False,True,False,False,False,False,True,False,True,False,False,False,SHINE,40050,2022-05-11 00:00:00+00:00,True,False,True,True,True,True,True,True,True,True,True,True,False,True,True,True,True,True,True,True,True,True,False,False,False,False,False
22,3,False,False,True,False,False,False,False,True,False,True,False,False,False,SHINE,40050,2022-05-30 00:00:00+00:00,True,False,True,True,True,True,True,True,True,True,True,True,False,True,True,True,True,True,True,True,True,True,False,False,False,False,False
22,4,False,False,True,False,False,False,False,True,False,True,False,False,False,SHINE,40050,2022-05-11 00:00:00+00:00,True,False,True,True,True,True,True,True,True,True,True,True,False,True,True,True,True,True,True,True,True,True,False,False,False,False,False
22,5,True,False,True,False,False,False,False,True,False,True,False,False,False,SHINE,40050,2022-05-11 00:00:00+00:00,True,False,True,True,True,True,True,True,True,True,True,True,True,True,True,True,True,True,True,True,True,True,False,False,False,False,False
22,6,True,False,True,False,False,False,False,True,False,True,False,False,False,SHINE,40050,2022-05-30 00:00:00+00:00,True,False,True,True,True,True,True,True,True,True,True,True,True,True,True,True,True,True,True,True,True,True,False,False,False,False,False
22,7,False,False,True,False,False,False,False,True,False,True,False,False,False,SHINE,40050,2022-05-30 00:00:00+00:00,True,False,True,True,True,True,True,True,True,True,True,True,True,True,True,True,True,True,True,True,True,True,False,False,False,False,False
22,8,False,False,True,False,False,False,False,True,False,False,False,False,False,SHINE,40050,2022-05-11 00:00:00+00:00,True,False,True,True,True,True,True,True,True,True,True,True,False,True,True,True,True,True,True,True,True,True,False,False,False,False,False
22,9,False,False,True,False,False,False,False,True,False,True,False,False,False,SHINE,40050,2022-05-11 00:00:00+00:00,True,False,True,True,True,True,True,True,True,True,True,True,True,True,True,True,True,True,True,True,True,True,False,False,False,False,False
23,1,False,False,True,False,False,False,False,True,False,True,False,False,False,SHINE,40050,2022-05-11 00:00:00+00:00,True,False,True,True,True,True,True,True,True,True,True,True,True,True,True,True,True,True,True,True,True,True,False,False,False,False,False
23,2,True,False,True,False,False,False,False,True,False,True,False,False,False,SHINE,40050,2022-05-30 00:00:00+00:00,True,False,True,True,True,True,True,True,True,True,True,True,True,True,True,True,True,True,True,True,True,True,False,False,False,False,False
23,3,True,False,True,False,False,False,False,True,False,True,False,False,False,SHINE,40050,2022-05-11 00:00:00+00:00,True,False,True,True,True,True,True,True,True,True,True,True,True,True,True,True,True,True,True,True,True,True,False,False,False,False,False
23,4,False,False,True,False,False,False,False,True,False,True,False,False,False,SHINE,40050,2022-05-30 00:00:00+00:00,True,False,True,True,True,True,True,True,True,True,True,True,False,True,True,True,True,True,True,True,True,True,False,False,False,False,False
23,5,False,False,False,False,False,True,False,True,False,False,False,False,False,SHINE,40100,2022-05-11 00:00:00+00:00,True,False,True,True,True,True,True,True,True,True,True,True,True,True,True,True,True,True,True,True,True,True,False,False,False,False,False
23,6,False,False,False,False,False,True,False,True,False,False,False,False,False,SHINE,40100,2022-05-11 00:00:00+00:00,True,False,True,True,True,True,True,True,True,True,True,True,True,True,True,True,True,True,True,True,True,True,False,False,False,False,False
23,7,True,False,True,False,False,False,False,True,False,True,False,False,False,SHINE,40100,2022-05-11 00:00:00+00:00,True,False,True,True,True,True,True,True,True,True,True,True,True,True,True,True,True,True,True,True,True,True,False,False,False,False,False
23,9,False,False,False,False,False,True,False,True,False,False,False,False,False,SHINE,40100,2022-05-11 00:00:00+00:00,True,False,True,True,True,True,True,True,True,True,True,True,True,True,True,True,True,True,True,True,True,True,False,False,False,False,False
23,8,True,False,False,False,False,False,False,False,False,True,False,False,False,SHINE PACK,40100,2022-05-11 00:00:00+00:00,True,False,True,True,True,True,True,True,True,True,True,True,False,True,True,True,True,True,True,True,True,True,True,True,True,True,True
24,1,False,False,False,False,False,True,False,False,False,True,False,False,False,SHINE PACK,40150,2022-05-11 00:00:00+00:00,True,False,True,True,True,True,True,True,True,True,True,True,False,True,True,True,True,True,True,True,True,True,True,False,True,False,True
24,3,True,False,True,False,False,False,False,True,False,True,False,False,False,SHINE,40200,2022-05-30 00:00:00+00:00,True,False,True,True,True,True,True,True,True,True,True,True,False,True,True,True,True,True,True,True,True,True,False,False,False,False,False
24,4,False,False,True,False,False,False,False,True,False,True,False,False,False,SHINE,40200,2022-05-11 00:00:00+00:00,True,False,True,True,True,True,True,True,True,True,True,True,True,True,True,True,True,True,True,True,True,True,False,False,False,False,False
24,2,False,False,False,False,False,True,False,False,False,True,False,False,False,SHINE PACK,40200,2022-05-11 00:00:00+00:00,True,False,True,True,True,True,True,True,True,True,True,True,False,True,True,True,True,True,True,True,True,True,True,True,True,True,True
24,5,True,False,True,False,False,True,False,True,False,True,False,False,False,SHINE,40250,2022-05-11 00:00:00+00:00,True,False,True,True,True,True,True,True,True,True,True,True,False,True,True,True,True,True,True,True,True,True,False,False,False,False,False
24,6,False,False,True,False,False,False,False,True,False,True,False,False,False,SHINE,40300,2022-05-11 00:00:00+00:00,True,False,True,True,True,True,True,True,True,True,True,True,False,True,True,True,True,True,True,True,True,True,False,False,False,False,False
24,9,False,False,True,False,False,False,False,True,False,True,False,False,False,SHINE,40300,2022-05-30 00:00:00+00:00,True,False,True,True,True,True,True,True,True,True,True,True,True,True,True,True,True,True,True,True,True,True,False,False,False,False,False
24,7,True,False,False,False,False,False,False,False,False,True,False,False,False,SHINE PACK,40300,2022-05-27 00:00:00+00:00,True,False,True,True,True,True,True,True,True,True,True,True,False,True,True,True,True,True,True,True,True,True,True,True,True,True,True
24,8,True,False,False,False,False,False,False,False,False,True,False,False,False,SHINE PACK,40300,2022-05-11 00:00:00+00:00,True,False,True,True,True,True,True,True,True,True,True,True,False,True,True,True,True,True,True,True,True,True,True,True,True,True,True
25,1,True,False,True,False,False,True,False,True,False,True,False,False,False,SHINE,40350,2022-05-11 00:00:00+00:00,True,False,True,True,True,True,True,True,True,True,True,True,True,True,True,True,True,True,True,True,True,True,False,False,False,False,False
25,2,True,False,False,False,False,True,False,False,False,True,False,False,False,SHINE PACK,40350,2022-05-30 00:00:00+00:00,True,False,True,True,True,True,True,True,True,True,True,True,False,True,True,True,True,True,True,True,True,True,True,True,True,True,True
25,3,True,False,False,False,False,True,False,False,False,True,False,False,False,SHINE PACK,40350,2022-05-27 00:00:00+00:00,True,False,True,True,True,True,True,True,True,True,True,True,False,True,True,True,True,True,True,True,True,True,True,True,True,True,True
25,4,True,False,False,False,False,True,False,False,False,True,False,False,False,SHINE PACK,40350,2022-05-20 00:00:00+00:00,True,False,True,True,True,True,True,True,True,True,True,True,False,True,True,True,True,True,True,True,True,True,True,True,True,True,True
25,5,True,False,False,False,False,True,False,False,False,True,False,False,False,SHINE PACK,40350,2022-05-11 00:00:00+00:00,True,False,True,True,True,True,True,True,True,True,True,True,False,True,True,True,True,True,True,True,True,True,True,True,True,True,True
25,6,True,False,False,False,False,True,False,False,False,True,False,False,False,SHINE PACK,40350,2022-05-11 00:00:00+00:00,True,False,True,True,True,True,True,True,True,True,True,True,False,True,True,True,True,True,True,True,True,True,True,True,True,True,True
25,7,True,False,False,False,False,True,False,False,False,True,False,False,False,SHINE PACK,40350,2022-05-30 00:00:00+00:00,True,False,True,True,True,True,True,True,True,True,True,True,False,True,True,True,True,True,True,True,True,True,True,True,True,True,True
25,8,False,False,False,False,False,True,False,False,False,True,False,False,False,SHINE PACK,40350,2022-05-11 00:00:00+00:00,True,False,True,True,True,True,True,True,True,True,True,True,False,True,True,True,True,True,True,True,True,True,True,True,True,True,True
25,9,True,False,False,False,False,True,False,False,False,True,False,False,False,SHINE PACK,40350,2022-05-11 00:00:00+00:00,True,False,True,True,True,True,True,True,True,True,True,True,False,True,True,True,True,True,True,True,True,True,True,True,True,True,True
26,1,True,False,False,False,False,True,False,False,False,True,False,False,False,SHINE PACK,40350,2022-05-11 00:00:00+00:00,True,False,True,True,True,True,True,True,True,True,True,True,False,True,True,True,True,True,True,True,True,True,True,True,True,True,True
26,2,True,False,False,False,False,True,False,False,False,True,False,False,False,SHINE PACK,40400,2022-05-11 00:00:00+00:00,True,False,True,True,True,True,True,True,True,True,True,True,False,True,True,True,True,True,True,True,True,True,False,True,True,True,True
26,3,True,False,True,False,False,False,False,True,False,True,False,False,False,SHINE,40450,2022-05-30 00:00:00+00:00,True,False,True,True,True,True,True,True,True,True,True,True,True,True,True,True,True,True,True,True,True,True,False,False,False,False,False
26,4,True,False,False,False,False,False,False,False,False,True,False,False,False,SHINE PACK,40500,2022-05-11 00:00:00+00:00,True,False,True,True,True,True,True,True,True,True,True,True,False,True,True,True,True,True,True,True,True,True,False,True,True,True,True
26,5,False,False,False,False,False,False,False,False,False,True,False,False,False,SHINE PACK,40600,2022-05-11 00:00:00+00:00,True,False,True,True,True,True,True,True,True,True,True,True,False,True,True,True,True,True,True,True,True,True,True,True,True,True,True
26,6,False,False,False,False,False,False,False,False,False,True,False,False,False,SHINE PACK,40600,2022-05-11 00:00:00+00:00,True,False,True,True,True,True,True,True,True,True,True,True,False,True,True,True,True,True,True,True,True,True,True,True,True,True,True
26,7,False,False,False,False,False,False,False,False,False,True,False,False,False,SHINE PACK,40600,2022-05-11 00:00:00+00:00,True,False,True,True,True,True,True,True,True,True,True,True,False,True,True,True,True,True,True,True,True,True,True,True,True,True,True
27,1,True,False,True,False,False,False,False,True,False,True,False,False,False,SHINE,40650,2022-05-11 00:00:00+00:00,True,False,True,True,True,True,True,True,True,True,True,True,False,True,True,True,True,True,True,True,True,True,False,False,False,False,False
26,8,True,False,False,False,False,True,False,False,False,True,False,False,False,SHINE PACK,40650,2022-05-11 00:00:00+00:00,True,False,True,True,True,True,True,True,True,True,True,True,False,True,True,True,True,True,True,True,True,True,True,True,True,True,True
26,9,True,False,False,False,False,True,False,False,False,True,False,False,False,SHINE PACK,40650,2022-05-11 00:00:00+00:00,True,False,True,True,True,True,True,True,True,True,True,True,False,True,True,True,True,True,True,True,True,True,True,True,True,True,True
27,2,True,False,False,False,False,True,False,False,False,True,False,False,False,SHINE PACK,40650,2022-05-11 00:00:00+00:00,True,False,True,True,True,True,True,True,True,True,True,True,False,True,True,True,True,True,True,True,True,True,True,True,True,True,True
27,3,True,False,False,False,False,False,False,False,False,True,False,False,False,SHINE PACK,40700,2022-05-30 00:00:00+00:00,True,False,True,True,True,True,True,True,True,True,True,True,False,True,True,True,True,True,True,True,True,True,False,True,True,True,True
27,4,False,False,False,False,False,False,False,False,False,True,False,False,False,SHINE PACK,40700,2022-05-11 00:00:00+00:00,True,False,True,True,True,True,True,True,True,True,True,True,False,True,True,True,True,True,True,True,True,True,True,True,True,True,True
27,5,False,False,False,False,False,False,False,False,False,False,False,False,False,SHINE PACK,40700,2022-05-11 00:00:00+00:00,True,False,True,True,True,True,True,True,True,True,True,True,False,True,True,True,True,True,True,True,True,True,False,True,True,True,True
28,4,True,False,True,False,False,False,False,True,False,True,False,False,False,SHINE,40750,2022-05-11 00:00:00+00:00,True,False,True,True,True,True,True,True,True,True,True,True,True,True,True,True,True,True,True,True,True,True,False,False,False,False,False
27,6,False,False,False,False,False,False,False,False,False,True,False,False,False,SHINE PACK,40750,2022-05-11 00:00:00+00:00,True,False,True,True,True,True,True,True,True,True,True,True,False,True,True,True,True,True,True,True,True,True,True,True,True,True,True
27,7,True,False,False,False,False,False,False,False,False,True,False,False,False,SHINE PACK,40750,2022-05-11 00:00:00+00:00,True,False,True,True,True,True,True,True,True,True,True,True,False,True,True,True,True,True,True,True,True,True,True,True,True,True,True
27,8,True,False,False,False,False,False,False,False,False,True,False,False,False,SHINE PACK,40750,2022-05-11 00:00:00+00:00,True,False,True,True,True,True,True,True,True,True,True,True,False,True,True,True,True,True,True,True,True,True,True,True,True,True,True
27,9,False,False,False,False,False,False,False,False,False,True,False,False,False,SHINE PACK,40750,2022-05-11 00:00:00+00:00,True,False,True,True,True,True,True,True,True,True,True,True,False,True,True,True,True,True,True,True,True,True,True,True,True,True,True
28,1,True,False,False,False,False,False,False,False,False,True,False,False,False,SHINE PACK,40750,2022-05-11 00:00:00+00:00,True,False,True,True,True,True,True,True,True,True,True,True,False,True,True,True,True,True,True,True,True,True,True,True,True,True,True
28,2,True,False,False,False,False,False,False,False,False,True,False,False,False,SHINE PACK,40750,2022-05-11 00:00:00+00:00,True,False,True,True,True,True,True,True,True,True,True,True,False,True,True,True,True,True,True,True,True,True,True,True,True,True,True
28,3,True,False,False,False,False,False,False,False,False,False,False,False,False,SHINE PACK,40750,2022-05-30 00:00:00+00:00,True,False,True,True,True,True,True,True,True,True,True,True,False,True,True,True,True,True,True,True,True,True,True,True,True,True,True
28,5,True,False,False,False,False,False,False,False,False,True,False,False,False,SHINE PACK,40750,2022-05-11 00:00:00+00:00,True,False,True,True,True,True,True,True,True,True,True,True,False,True,True,True,True,True,True,True,True,True,True,True,True,True,True
28,6,False,False,False,False,False,False,False,False,False,True,False,False,False,SHINE PACK,40750,2022-05-11 00:00:00+00:00,True,False,True,True,True,True,True,True,True,True,True,True,False,True,True,True,True,True,True,True,True,True,True,True,True,True,True
28,7,True,False,False,False,False,False,False,False,False,True,False,False,False,SHINE PACK,40750,2022-06-03 00:00:00+00:00,True,False,True,True,True,True,True,True,True,True,True,True,False,True,True,True,True,True,True,True,True,True,True,True,True,True,True
28,8,False,False,False,False,False,False,False,False,False,True,False,False,False,SHINE PACK,40750,2022-05-11 00:00:00+00:00,True,False,True,True,True,True,True,True,True,True,True,True,False,True,True,True,True,True,True,True,True,True,True,True,True,True,True
28,9,True,False,False,False,False,False,False,False,False,True,False,False,False,SHINE PACK,40750,2022-05-30 00:00:00+00:00,True,False,True,True,True,True,True,True,True,True,True,True,False,True,True,True,True,True,True,True,True,True,True,True,True,True,True
29,1,True,False,False,False,False,False,False,False,False,True,False,False,False,SHINE PACK,40750,2022-05-11 00:00:00+00:00,True,False,True,True,True,True,True,True,True,True,True,True,False,True,True,True,True,True,True,True,True,True,True,True,True,True,True
29,2,True,False,False,False,False,False,False,False,False,True,False,False,False,SHINE PACK,40750,2022-05-11 00:00:00+00:00,True,False,True,True,True,True,True,True,True,True,True,True,False,True,True,True,True,True,True,True,True,True,True,True,True,True,True
29,3,True,False,False,False,False,True,False,False,False,True,False,False,False,SHINE PACK,40750,2022-05-11 00:00:00+00:00,True,False,True,True,True,True,True,True,True,True,True,True,False,True,True,True,True,True,True,True,True,True,True,True,True,True,True
29,4,True,False,False,False,False,False,False,False,False,True,False,False,False,SHINE PACK,40750,2022-05-11 00:00:00+00:00,True,False,True,True,True,True,True,True,True,True,True,True,False,True,True,True,True,True,True,True,True,True,True,True,True,True,True
29,5,False,False,True,False,False,False,False,True,False,True,False,False,False,SHINE,40950,2022-05-11 00:00:00+00:00,True,False,True,True,True,True,True,True,True,True,True,True,True,True,True,True,True,True,True,True,True,True,False,False,False,False,False
29,6,False,False,False,False,False,False,False,False,False,False,False,False,False,SHINE PACK,40950,2022-05-11 00:00:00+00:00,True,False,True,True,True,True,True,True,True,True,True,True,False,True,True,True,True,True,True,True,True,True,True,True,True,False,True
29,7,False,False,False,False,False,True,False,False,False,True,False,False,False,SHINE PACK,41000,2022-05-11 00:00:00+00:00,True,False,True,True,True,True,True,True,True,True,True,True,False,True,True,True,True,True,True,True,True,True,True,False,True,True,True
29,8,True,False,False,False,False,True,False,False,False,True,False,False,False,SHINE PACK,41000,2022-05-11 00:00:00+00:00,True,False,True,True,True,True,True,True,True,True,True,True,False,True,True,True,True,True,True,True,True,True,True,False,True,True,True
30,4,True,False,True,False,False,False,False,True,False,False,False,False,False,SHINE,41050,2022-05-11 00:00:00+00:00,True,False,True,True,True,True,True,True,True,True,True,True,True,True,True,True,True,True,True,True,True,True,False,False,False,False,False
30,8,False,False,True,False,False,True,False,True,False,True,False,False,False,SHINE,41050,2022-05-11 00:00:00+00:00,True,False,True,True,True,True,True,True,True,True,True,True,True,True,True,True,True,True,True,True,True,True,False,False,False,False,False
29,9,True,False,False,False,False,False,False,False,False,False,False,False,False,SHINE PACK,41050,2022-05-20 00:00:00+00:00,True,False,True,True,True,True,True,True,True,True,True,True,False,True,True,True,True,True,True,True,True,True,True,True,True,True,True
30,1,True,False,False,False,False,False,False,False,False,False,False,False,False,SHINE PACK,41050,2022-05-20 00:00:00+00:00,True,False,True,True,True,True,True,True,True,True,True,True,False,True,True,True,True,True,True,True,True,True,True,True,True,True,True
30,2,True,False,False,False,False,False,False,False,False,True,False,False,False,SHINE PACK,41050,2022-05-30 00:00:00+00:00,True,False,True,True,True,True,True,True,True,True,True,True,False,True,True,True,True,True,True,True,True,True,True,True,True,True,True
30,3,True,False,False,False,False,True,False,False,False,False,False,False,False,SHINE PACK,41050,2022-05-11 00:00:00+00:00,True,False,True,True,True,True,True,True,True,True,True,True,False,True,True,True,True,True,True,True,True,True,False,True,True,True,True
30,5,False,False,False,False,False,False,False,False,False,True,False,False,False,SHINE PACK,41050,2022-05-11 00:00:00+00:00,True,False,True,True,True,True,True,True,True,True,True,True,False,True,True,True,True,True,True,True,True,True,True,True,True,True,True
30,6,False,False,False,False,False,False,False,False,False,True,False,False,False,SHINE PACK,41050,2022-05-11 00:00:00+00:00,True,False,True,True,True,True,True,True,True,True,True,True,False,True,True,True,True,True,True,True,True,True,True,True,True,True,True
30,7,True,False,False,False,False,True,False,False,False,True,False,False,False,SHINE PACK,41050,2022-05-30 00:00:00+00:00,True,False,True,True,True,True,True,True,True,True,True,True,False,True,True,True,True,True,True,True,True,True,True,True,True,True,True
30,9,False,False,False,False,False,False,False,False,False,False,False,False,False,SHINE PACK,41050,2022-05-11 00:00:00+00:00,True,False,True,True,True,True,True,True,True,True,True,True,False,True,True,True,True,True,True,True,True,True,True,True,True,True,True
31,1,True,False,False,False,False,False,False,False,False,True,False,False,False,SHINE PACK,41050,2022-05-11 00:00:00+00:00,True,False,True,True,True,True,True,True,True,True,True,True,False,True,True,True,True,True,True,True,True,True,True,True,True,True,True
31,2,False,False,False,False,False,False,False,False,False,True,False,False,False,SHINE PACK,41050,2022-05-30 00:00:00+00:00,True,False,True,True,True,True,True,True,True,True,True,True,False,True,True,True,True,True,True,True,True,True,True,True,True,True,True
31,3,False,False,False,False,False,False,False,False,False,True,False,False,False,SHINE PACK,41050,2022-05-13 00:00:00+00:00,True,False,True,True,True,True,True,True,True,True,True,True,False,True,True,True,True,True,True,True,True,True,True,True,True,True,True
31,5,False,False,True,False,False,True,False,False,False,True,False,False,False,SHINE,41100,2022-05-11 00:00:00+00:00,True,False,True,True,True,True,True,True,True,True,True,True,False,True,True,True,True,True,True,True,True,True,False,False,False,False,False
31,4,True,False,False,False,False,True,False,False,False,True,False,False,False,SHINE PACK,41100,2022-05-30 00:00:00+00:00,True,False,True,True,True,True,True,True,True,True,True,True,False,True,True,True,True,True,True,True,True,True,True,True,True,True,True
31,6,True,False,False,False,False,True,False,False,False,True,False,False,False,SHINE PACK,41100,2022-05-11 00:00:00+00:00,True,False,True,True,True,True,True,True,True,True,True,True,False,True,True,True,True,True,True,True,True,True,True,True,True,True,True
31,7,True,False,False,False,False,False,False,False,False,True,False,False,False,SHINE PACK,41150,2022-05-11 00:00:00+00:00,True,False,True,True,True,True,True,True,True,True,True,True,False,True,True,True,True,True,True,True,True,True,True,True,True,True,True
31,8,True,False,False,False,False,False,False,False,False,True,False,False,False,SHINE PACK,41150,2022-05-11 00:00:00+00:00,True,False,True,True,True,True,True,True,True,True,True,True,False,True,True,True,True,True,True,True,True,True,False,True,True,True,True
31,9,True,False,False,False,False,False,False,False,False,True,False,False,False,SHINE PACK,41150,2022-05-11 00:00:00+00:00,True,False,True,True,True,True,True,True,True,True,True,True,False,True,True,True,True,True,True,True,True,True,False,True,True,True,True
32,1,False,False,False,False,False,False,False,False,False,True,False,False,False,SHINE PACK,41150,2022-05-11 00:00:00+00:00,True,False,True,True,True,True,True,True,True,True,True,True,False,True,True,True,True,True,True,True,True,True,True,True,True,True,True
32,2,True,False,False,False,False,False,False,False,False,True,False,False,False,SHINE PACK,41150,2022-05-11 00:00:00+00:00,True,False,True,True,True,True,True,True,True,True,True,True,False,True,True,True,True,True,True,True,True,True,False,True,True,True,True
32,3,True,False,False,False,False,False,False,False,False,True,False,False,False,SHINE PACK,41200,2022-05-11 00:00:00+00:00,True,False,True,True,True,True,True,True,True,True,True,True,False,True,True,True,True,True,True,True,True,True,True,True,True,True,True
32,4,False,False,False,False,False,False,False,False,False,True,False,False,False,SHINE PACK,41200,2022-05-30 00:00:00+00:00,True,False,True,True,True,True,True,True,True,True,True,True,False,True,True,True,True,True,True,True,True,True,True,True,True,True,True
32,5,False,False,False,False,False,False,False,False,False,True,False,False,False,SHINE PACK,41200,2022-05-11 00:00:00+00:00,True,False,True,True,True,True,True,True,True,True,True,True,False,True,True,True,True,True,True,True,True,True,True,True,True,True,True
32,6,False,False,False,False,False,True,False,False,False,True,False,False,False,SHINE PACK,41200,2022-05-30 00:00:00+00:00,True,False,True,True,True,True,True,True,True,True,True,True,False,True,True,True,True,True,True,True,True,True,True,True,True,True,True
32,7,True,False,False,False,False,True,False,False,False,True,False,False,False,SHINE PACK,41250,2022-05-11 00:00:00+00:00,True,False,True,True,True,True,True,True,True,True,True,True,False,True,True,True,True,True,True,True,True,True,True,True,True,True,True
32,8,True,False,False,False,False,True,False,False,False,True,False,False,False,SHINE PACK,41250,2022-05-11 00:00:00+00:00,True,False,True,True,True,True,True,True,True,True,True,True,False,True,True,True,True,True,True,True,True,True,True,True,True,True,True
32,9,True,False,False,False,False,True,False,False,False,True,False,False,False,SHINE PACK,41250,2022-05-11 00:00:00+00:00,True,False,True,True,True,True,True,True,True,True,True,True,False,True,True,True,True,True,True,True,True,True,True,True,True,True,True
33,1,True,False,False,False,False,True,False,False,False,True,False,False,False,SHINE PACK,41250,2022-05-11 00:00:00+00:00,True,False,True,True,True,True,True,True,True,True,True,True,False,True,True,True,True,True,True,True,True,True,True,True,True,True,True
33,2,True,False,False,False,False,False,False,False,False,True,False,False,False,SHINE PACK,41250,2022-05-11 00:00:00+00:00,True,False,True,True,True,True,True,True,True,True,True,True,False,True,True,True,True,True,True,True,True,True,True,True,True,True,True
33,3,True,False,False,False,False,True,False,False,False,True,False,False,False,SHINE PACK,41250,2022-05-30 00:00:00+00:00,True,False,True,True,True,True,True,True,True,True,True,True,False,True,True,True,True,True,True,True,True,True,True,True,True,True,True
33,4,True,False,False,False,False,False,False,False,False,True,False,False,False,SHINE PACK,41300,2022-05-11 00:00:00+00:00,True,False,True,True,True,True,True,True,True,True,True,True,False,True,True,True,True,True,True,True,True,True,True,True,True,True,True
33,5,False,False,False,False,False,False,False,False,False,True,False,False,False,SHINE PACK,41350,2022-05-11 00:00:00+00:00,True,False,True,True,True,True,True,True,True,True,True,True,False,True,True,True,True,True,True,True,True,True,True,True,True,True,True
33,6,True,False,False,False,False,False,False,False,False,True,False,False,False,SHINE PACK,41350,2022-05-27 00:00:00+00:00,True,False,True,True,True,True,True,True,True,True,True,True,False,True,True,True,True,True,True,True,True,True,False,False,True,True,True
33,7,True,False,False,False,False,False,False,False,False,True,False,False,False,SHINE PACK,41400,2022-05-11 00:00:00+00:00,True,False,True,True,True,True,True,True,True,True,True,True,False,True,True,True,True,True,True,True,True,True,True,False,True,True,True
34,2,False,False,True,False,False,False,False,True,False,True,False,False,False,SHINE,41450,2022-05-11 00:00:00+00:00,True,False,True,True,True,True,True,True,True,True,True,True,True,True,True,True,True,True,True,True,True,True,False,False,False,False,False
33,8,True,False,False,False,False,False,False,False,False,True,False,False,False,SHINE PACK,41450,2022-05-11 00:00:00+00:00,True,False,True,True,True,True,True,True,True,True,True,True,False,True,True,True,True,True,True,True,True,True,False,True,True,True,True
33,9,True,False,False,False,False,True,False,False,False,True,False,False,False,SHINE PACK,41450,2022-06-03 00:00:00+00:00,True,False,True,True,True,True,True,True,True,True,True,True,False,True,True,True,True,True,True,True,True,True,True,True,True,True,True
34,1,False,False,False,False,False,False,False,False,False,True,False,False,False,SHINE PACK,41450,2022-05-11 00:00:00+00:00,True,False,True,True,True,True,True,True,True,True,True,True,False,True,True,True,True,True,True,True,True,True,True,True,True,True,True
34,3,True,False,False,False,False,False,False,False,False,True,False,False,False,SHINE PACK,41450,2022-05-30 00:00:00+00:00,True,False,True,True,True,True,True,True,True,True,True,True,False,True,True,True,True,True,True,True,True,True,True,True,True,True,True
34,4,False,False,False,False,False,False,False,False,False,True,False,False,False,SHINE PACK,41500,2022-05-30 00:00:00+00:00,True,False,True,True,True,True,True,True,True,True,True,True,False,True,True,True,True,True,True,True,True,True,True,True,True,True,True
34,5,False,False,False,False,False,False,False,False,False,True,False,False,False,SHINE PACK,41500,2022-05-11 00:00:00+00:00,True,False,True,True,True,True,True,True,True,True,True,True,False,True,True,True,True,True,True,True,True,True,True,True,True,False,True
34,6,False,False,False,False,False,True,False,False,False,True,False,False,False,SHINE PACK,41500,2022-05-11 00:00:00+00:00,True,False,True,True,True,True,True,True,True,True,True,True,False,True,True,True,True,True,True,True,True,True,True,True,True,True,True
34,7,False,False,False,False,False,False,False,False,False,True,False,False,False,SHINE PACK,41500,2022-05-27 00:00:00+00:00,True,False,True,True,True,True,True,True,True,True,True,True,False,True,True,True,True,True,True,True,True,True,True,True,True,True,True
34,8,False,False,False,False,False,False,False,False,False,False,False,False,False,SHINE PACK,41500,2022-05-11 00:00:00+00:00,True,False,True,True,True,True,True,True,True,True,True,True,False,True,True,True,True,True,True,True,True,True,True,True,True,True,True
34,9,False,False,False,False,False,True,False,False,False,True,False,False,False,SHINE PACK,41550,2022-05-30 00:00:00+00:00,True,False,True,True,True,True,True,True,True,True,True,True,False,True,True,True,True,True,True,True,True,True,True,True,True,True,True
35,1,False,False,False,False,False,True,False,False,False,True,False,False,False,SHINE PACK,41550,2022-05-30 00:00:00+00:00,True,False,True,True,True,True,True,True,True,True,True,True,False,True,True,True,True,True,True,True,True,True,True,True,True,True,True
35,2,True,False,False,False,False,True,False,False,False,True,False,False,False,SHINE PACK,41650,2022-05-11 00:00:00+00:00,True,False,True,True,True,True,True,True,True,True,True,True,False,True,True,True,True,True,True,True,True,True,False,True,True,True,True
35,3,False,False,False,False,False,False,False,False,False,True,False,False,False,SHINE PACK,41650,2022-05-11 00:00:00+00:00,True,False,True,True,True,True,True,True,True,True,True,True,False,True,True,True,True,True,True,True,True,True,True,True,True,True,True
35,4,False,False,False,False,False,False,False,False,False,True,False,False,False,SHINE PACK,41650,2022-05-11 00:00:00+00:00,True,False,True,True,True,True,True,True,True,True,True,True,False,True,True,True,True,True,True,True,True,True,True,True,True,True,True
35,5,True,False,False,False,False,False,False,False,False,True,False,False,False,SHINE PACK,41650,2022-05-11 00:00:00+00:00,True,False,True,True,True,True,True,True,True,True,True,True,False,True,True,True,True,True,True,True,True,True,True,True,True,True,True
35,6,False,False,False,False,False,False,False,False,False,True,False,False,False,SHINE PACK,41650,2022-05-30 00:00:00+00:00,True,False,True,True,True,True,True,True,True,True,True,True,False,True,True,True,True,True,True,True,True,True,True,True,True,True,True
35,7,True,False,False,False,False,False,False,False,False,True,False,False,False,SHINE PACK,41650,2022-05-30 00:00:00+00:00,True,False,True,True,True,True,True,True,True,True,True,True,False,True,True,True,True,True,True,True,True,True,True,True,True,True,True
35,8,False,False,False,False,False,False,False,False,False,True,False,False,False,SHINE PACK,41650,2022-05-30 00:00:00+00:00,True,False,True,True,True,True,True,True,True,True,True,True,False,True,True,True,True,True,True,True,True,True,True,True,True,True,True
35,9,True,False,False,False,False,False,False,False,False,True,False,False,False,SHINE PACK,41650,2022-05-11 00:00:00+00:00,True,False,True,True,True,True,True,True,True,True,True,True,False,True,True,True,True,True,True,True,True,True,True,True,True,True,True
36,1,True,False,False,False,False,True,False,False,False,True,False,False,False,SHINE PACK,41650,2022-05-11 00:00:00+00:00,True,False,True,True,True,True,True,True,True,True,True,True,False,True,True,True,True,True,True,True,True,True,True,True,True,True,True
36,2,True,False,False,False,False,True,False,False,False,True,False,False,False,SHINE PACK,41650,2022-05-30 00:00:00+00:00,True,False,True,True,True,True,True,True,True,True,True,True,False,True,True,True,True,True,True,True,True,True,False,True,True,True,True
36,3,False,False,False,False,False,True,False,False,False,True,False,False,False,SHINE PACK,41650,2022-05-11 00:00:00+00:00,True,False,True,True,True,True,True,True,True,True,True,True,False,True,True,True,True,True,True,True,True,True,False,True,True,True,True
36,4,True,False,False,False,False,False,False,False,False,True,False,False,False,SHINE PACK,41650,2022-05-11 00:00:00+00:00,True,False,True,True,True,True,True,True,True,True,True,True,False,True,True,True,True,True,True,True,True,True,True,True,True,True,True
36,5,False,False,False,False,False,False,False,False,False,True,False,False,False,SHINE PACK,41650,2022-05-11 00:00:00+00:00,True,False,True,True,True,True,True,True,True,True,True,True,False,True,True,True,True,True,True,True,True,True,True,True,True,True,True
36,6,True,False,False,False,False,False,False,False,False,True,False,False,False,SHINE PACK,41650,2022-05-30 00:00:00+00:00,True,False,True,True,True,True,True,True,True,True,True,True,False,True,True,True,True,True,True,True,True,True,True,True,True,True,True
36,7,True,False,False,False,False,True,False,False,False,True,False,False,False,SHINE PACK,41650,2022-05-30 00:00:00+00:00,True,False,True,True,True,True,True,True,True,True,True,True,False,True,True,True,True,True,True,True,True,True,False,True,True,True,True
36,8,True,False,False,False,False,False,False,False,False,True,False,False,False,SHINE PACK,41650,2022-05-11 00:00:00+00:00,True,False,True,True,True,True,True,True,True,True,True,True,False,True,True,True,True,True,True,True,True,True,True,True,True,True,True
36,9,True,False,False,False,False,False,False,False,False,True,False,False,False,SHINE PACK,41650,2022-05-30 00:00:00+00:00,True,False,True,True,True,True,True,True,True,True,True,True,False,True,True,True,True,True,True,True,True,True,True,True,True,True,True
37,1,False,False,True,False,False,False,False,True,False,False,False,False,False,SHINE,41750,2022-05-11 00:00:00+00:00,True,False,True,True,True,True,True,True,True,True,True,True,True,True,True,True,True,True,True,True,True,True,False,False,False,False,False
37,2,False,False,True,False,False,False,False,True,False,True,False,False,False,SHINE,41750,2022-05-11 00:00:00+00:00,True,False,True,True,True,True,True,True,True,True,True,True,True,True,True,True,True,True,True,True,True,True,False,False,False,False,False
37,3,False,False,False,False,False,False,False,False,False,False,False,False,False,SHINE PACK,41850,2022-05-11 00:00:00+00:00,True,False,True,True,True,True,True,True,True,True,True,True,False,True,True,True,True,True,True,True,True,True,True,False,True,True,True
37,4,False,False,False,False,False,True,False,False,False,True,False,False,False,SHINE PACK,41900,2022-05-11 00:00:00+00:00,True,False,True,True,True,True,True,True,True,True,True,True,False,True,True,True,True,True,True,True,True,True,True,False,True,True,True
37,5,True,False,False,False,False,False,False,False,False,True,False,False,False,SHINE PACK,41900,2022-05-30 00:00:00+00:00,True,False,True,True,True,True,True,True,True,True,True,True,False,True,True,True,True,True,True,True,True,True,False,True,True,True,True
37,6,True,False,False,False,False,False,False,False,False,True,False,False,False,SHINE PACK,41950,2022-05-11 00:00:00+00:00,True,False,True,True,True,True,True,True,True,True,True,True,False,True,True,True,True,True,True,True,True,True,True,True,True,True,True
37,7,False,False,False,False,False,True,False,False,False,True,False,False,False,SHINE PACK,41950,2022-05-11 00:00:00+00:00,True,False,True,True,True,True,True,True,True,True,True,True,False,True,True,True,True,True,True,True,True,True,False,True,True,True,True
37,8,True,False,False,False,False,False,False,False,False,True,False,False,False,SHINE PACK,41950,2022-05-11 00:00:00+00:00,True,False,True,True,True,True,True,True,True,True,True,True,False,True,True,True,True,True,True,True,True,True,True,True,True,True,True
37,9,False,False,False,False,False,True,False,False,False,True,False,False,False,SHINE PACK,41950,2022-05-30 00:00:00+00:00,True,False,True,True,True,True,True,True,True,True,True,True,False,True,True,True,True,True,True,True,True,True,True,True,True,True,True
38,1,True,False,False,False,False,False,False,False,False,True,False,False,False,SHINE PACK,41950,2022-05-11 00:00:00+00:00,True,False,True,True,True,True,True,True,True,True,True,True,False,True,True,True,True,True,True,True,True,True,True,True,True,True,True
38,2,True,False,False,False,False,False,False,False,False,True,False,False,False,SHINE PACK,41950,2022-05-11 00:00:00+00:00,True,False,True,True,True,True,True,True,True,True,True,True,False,True,True,True,True,True,True,True,True,True,True,True,True,True,True
38,3,True,False,False,False,False,False,False,False,False,True,False,False,False,SHINE PACK,41950,2022-05-30 00:00:00+00:00,True,False,True,True,True,True,True,True,True,True,True,True,False,True,True,True,True,True,True,True,True,True,True,True,True,True,True
38,4,True,False,False,False,False,False,False,False,False,True,False,False,False,SHINE PACK,41950,2022-05-30 00:00:00+00:00,True,False,True,True,True,True,True,True,True,True,True,True,False,True,True,True,True,True,True,True,True,True,True,True,True,True,True
38,5,True,False,False,False,False,False,False,False,False,True,False,False,False,SHINE PACK,41950,2022-05-30 00:00:00+00:00,True,False,True,True,True,True,True,True,True,True,True,True,False,True,True,True,True,True,True,True,True,True,True,True,True,True,True
38,6,True,False,False,False,False,False,False,False,False,True,False,False,False,SHINE PACK,41950,2022-05-27 00:00:00+00:00,True,False,True,True,True,True,True,True,True,True,True,True,False,True,True,True,True,True,True,True,True,True,True,True,True,True,True
38,7,True,False,False,False,False,False,False,False,False,True,False,False,False,SHINE PACK,41950,2022-05-30 00:00:00+00:00,True,False,True,True,True,True,True,True,True,True,True,True,False,True,True,True,True,True,True,True,True,True,True,True,True,True,True
38,8,False,False,False,False,False,True,False,False,False,True,False,False,False,SHINE PACK,41950,2022-05-30 00:00:00+00:00,True,False,True,True,True,True,True,True,True,True,True,True,False,True,True,True,True,True,True,True,True,True,True,True,True,True,True
38,9,False,False,True,False,False,False,False,False,False,True,False,False,False,SHINE,42000,2022-05-11 00:00:00+00:00,True,False,True,True,True,True,True,True,True,True,True,True,False,True,True,True,True,True,True,True,True,True,False,False,False,False,False
39,1,False,False,False,False,False,False,False,False,False,True,False,False,False,SHINE PACK,42050,2022-05-11 00:00:00+00:00,True,False,True,True,True,True,True,True,True,True,True,True,False,True,True,True,True,True,True,True,True,True,True,True,True,True,True
39,2,True,False,False,False,False,False,False,False,False,True,False,False,False,SHINE PACK,42050,2022-05-11 00:00:00+00:00,True,False,True,True,True,True,True,True,True,True,True,True,False,True,True,True,True,True,True,True,True,True,False,True,True,True,True
39,3,False,False,False,False,False,False,False,False,False,True,False,False,False,SHINE PACK,42050,2022-05-11 00:00:00+00:00,True,False,True,True,True,True,True,True,True,True,True,True,False,True,True,True,True,True,True,True,True,True,True,True,True,True,True
39,4,True,False,False,False,False,False,False,False,False,True,False,False,False,SHINE PACK,42050,2022-05-11 00:00:00+00:00,True,False,True,True,True,True,True,True,True,True,True,True,False,True,True,True,True,True,True,True,True,True,False,True,True,True,True
39,5,True,False,False,False,False,False,False,False,False,True,False,False,False,SHINE PACK,42050,2022-05-11 00:00:00+00:00,True,False,True,True,True,True,True,True,True,True,True,True,False,True,True,True,True,True,True,True,True,True,False,True,True,True,True
39,6,True,False,False,False,False,False,False,False,False,True,False,False,False,SHINE PACK,42150,2022-05-11 00:00:00+00:00,True,False,True,True,True,True,True,True,True,True,True,True,False,True,True,True,True,True,True,True,True,True,True,True,True,True,True
39,7,True,False,False,False,False,False,False,False,False,True,False,False,False,SHINE PACK,42250,2022-05-30 00:00:00+00:00,True,False,True,True,True,True,True,True,True,True,True,True,False,True,True,True,True,True,True,True,True,True,False,False,True,True,True
39,8,False,False,False,False,False,False,False,False,False,False,False,False,False,SHINE PACK,42600,2022-05-11 00:00:00+00:00,True,False,True,True,True,True,True,True,True,True,True,True,False,True,True,True,True,True,True,True,True,True,False,False,True,True,True
39,9,True,False,False,False,False,False,False,False,False,True,False,False,False,SHINE PACK,42800,2022-05-30 00:00:00+00:00,True,False,True,True,True,True,True,True,True,True,True,True,False,True,True,True,True,True,True,True,True,True,False,True,True,True,True
